{
    "os": "Linux-5.4.0-72-generic-x86_64-with-debian-bullseye-sid",
    "python": "3.7.9",
    "heartbeatAt": "2021-08-10T04:37:49.079128",
    "startedAt": "2021-08-10T04:37:20.354347",
    "docker": null,
    "gpu": "GeForce RTX 2080 Ti",
    "gpu_count": 1,
    "cpu_count": 64,
    "cuda": "11.0.228",
    "args": [
        "--env",
        "LocobotPick",
        "--gpu",
        "0",
        "--jobname",
        "cem_pick_gtdyn_pixel",
        "--log_dir",
        "logs",
        "--reward_type",
        "weighted",
        "--robot_cost_weight",
        "0",
        "--world_cost_weight",
        "1"
    ],
    "state": "running",
    "program": "<python with no main file>",
    "git": {
        "remote": "git@github.com:penn-pal-lab/roboaware.git",
        "commit": "042d6c019b487ff82ffe22a201ab6db9071bd292"
    },
    "email": "husedward@gmail.com",
    "root": "/mnt/beegfs/scratch/edward/roboaware",
    "host": "node-2080ti-5.grasp.cluster",
    "username": "edward",
    "executable": "/scratch/edward/miniconda3/envs/roboaware/bin/python"
}
